,Unnamed: 0,Survived,Pclass,Fancy,Male,Age,Fare,Known,familyMembers,E_C,E_Q,E_S
0,0,0,3,0,1,22.0,7.25,0,1,0,0,1
1,1,1,1,0,0,38.0,71.2833,1,1,1,0,0
2,2,1,3,0,0,26.0,7.925,0,0,0,0,1
3,3,1,1,0,0,35.0,53.1,1,1,0,0,1
4,4,0,3,0,1,35.0,8.05,0,0,0,0,1
5,5,0,3,0,1,30.0,8.4583,0,0,0,1,0
6,6,0,1,0,1,54.0,51.8625,1,0,0,0,1
7,7,0,3,1,1,2.0,21.075,0,4,0,0,1
8,8,1,3,0,0,27.0,11.1333,0,2,0,0,1
9,9,1,2,0,0,14.0,30.0708,0,1,1,0,0
10,10,1,3,0,0,4.0,16.7,1,2,0,0,1
11,11,1,1,0,0,58.0,26.55,1,0,0,0,1
12,12,0,3,0,1,20.0,8.05,0,0,0,0,1
13,13,0,3,0,1,39.0,31.275,0,6,0,0,1
14,14,0,3,0,0,14.0,7.8542,0,0,0,0,1
15,15,1,2,0,0,55.0,16.0,0,0,0,0,1
16,16,0,3,1,1,2.0,29.125,0,5,0,1,0
17,17,1,2,0,1,30.0,13.0,0,0,0,0,1
18,18,0,3,0,0,31.0,18.0,0,1,0,0,1
19,19,1,3,0,0,30.0,7.225,0,0,1,0,0
20,20,0,2,0,1,35.0,26.0,0,0,0,0,1
21,21,1,2,0,1,34.0,13.0,1,0,0,0,1
22,22,1,3,0,0,15.0,8.0292,0,0,0,1,0
23,23,1,1,0,1,28.0,35.5,1,0,0,0,1
24,24,0,3,0,0,8.0,21.075,0,4,0,0,1
25,25,1,3,0,0,38.0,31.3875,0,6,0,0,1
26,26,0,3,0,1,30.0,7.225,0,0,1,0,0
27,27,0,1,0,1,19.0,263.0,1,5,0,0,1
28,28,1,3,0,0,30.0,7.8792,0,0,0,1,0
29,29,0,3,0,1,30.0,7.8958,0,0,0,0,1
30,30,0,1,1,1,40.0,27.7208,0,0,1,0,0
31,31,1,1,0,0,30.0,146.5208,1,1,1,0,0
32,32,1,3,0,0,30.0,7.75,0,0,0,1,0
33,33,0,2,0,1,66.0,10.5,0,0,0,0,1
34,34,0,1,0,1,28.0,82.1708,0,1,1,0,0
35,35,0,1,0,1,42.0,52.0,0,1,0,0,1
36,36,1,3,0,1,30.0,7.2292,0,0,1,0,0
37,37,0,3,0,1,21.0,8.05,0,0,0,0,1
38,38,0,3,0,0,18.0,18.0,0,2,0,0,1
39,39,1,3,0,0,14.0,11.2417,0,1,1,0,0
40,40,0,3,0,0,40.0,9.475,0,1,0,0,1
41,41,0,2,0,0,27.0,21.0,0,1,0,0,1
42,42,0,3,0,1,30.0,7.8958,0,0,1,0,0
43,43,1,2,0,0,3.0,41.5792,0,3,1,0,0
44,44,1,3,0,0,19.0,7.8792,0,0,0,1,0
45,45,0,3,0,1,30.0,8.05,0,0,0,0,1
46,46,0,3,0,1,30.0,15.5,0,1,0,1,0
47,47,1,3,0,0,30.0,7.75,0,0,0,1,0
48,48,0,3,0,1,30.0,21.6792,0,2,1,0,0
49,49,0,3,0,0,18.0,17.8,0,1,0,0,1
50,50,0,3,1,1,7.0,39.6875,0,5,0,0,1
51,51,0,3,0,1,21.0,7.8,0,0,0,0,1
52,52,1,1,0,0,49.0,76.7292,1,1,1,0,0
53,53,1,2,0,0,29.0,26.0,0,1,0,0,1
54,54,0,1,0,1,65.0,61.9792,1,1,1,0,0
55,55,1,1,0,1,30.0,35.5,1,0,0,0,1
56,56,1,2,0,0,21.0,10.5,0,0,0,0,1
57,57,0,3,0,1,28.5,7.2292,0,0,1,0,0
58,58,1,2,0,0,5.0,27.75,0,3,0,0,1
59,59,0,3,1,1,11.0,46.9,0,7,0,0,1
60,60,0,3,0,1,22.0,7.2292,0,0,1,0,0
61,62,0,1,0,1,45.0,83.475,1,1,0,0,1
62,63,0,3,1,1,4.0,27.9,0,5,0,0,1
63,64,0,1,0,1,30.0,27.7208,0,0,1,0,0
64,65,1,3,1,1,30.0,15.2458,0,2,1,0,0
65,66,1,2,0,0,29.0,10.5,1,0,0,0,1
66,67,0,3,0,1,19.0,8.1583,0,0,0,0,1
67,68,1,3,0,0,17.0,7.925,0,6,0,0,1
68,69,0,3,0,1,26.0,8.6625,0,2,0,0,1
69,70,0,2,0,1,32.0,10.5,0,0,0,0,1
70,71,0,3,0,0,16.0,46.9,0,7,0,0,1
71,72,0,2,0,1,21.0,73.5,0,0,0,0,1
72,73,0,3,0,1,26.0,14.4542,0,1,1,0,0
73,74,1,3,0,1,32.0,56.4958,0,0,0,0,1
74,75,0,3,0,1,25.0,7.65,1,0,0,0,1
75,76,0,3,0,1,30.0,7.8958,0,0,0,0,1
76,77,0,3,0,1,30.0,8.05,0,0,0,0,1
77,78,1,2,1,1,0.83,29.0,0,2,0,0,1
78,79,1,3,0,0,30.0,12.475,0,0,0,0,1
79,80,0,3,0,1,22.0,9.0,0,0,0,0,1
80,81,1,3,0,1,29.0,9.5,0,0,0,0,1
81,82,1,3,0,0,30.0,7.7875,0,0,0,1,0
82,83,0,1,0,1,28.0,47.1,0,0,0,0,1
83,84,1,2,0,0,17.0,10.5,0,0,0,0,1
84,85,1,3,0,0,33.0,15.85,0,3,0,0,1
85,86,0,3,0,1,16.0,34.375,0,4,0,0,1
86,87,0,3,0,1,30.0,8.05,0,0,0,0,1
87,88,1,1,0,0,23.0,263.0,1,5,0,0,1
88,89,0,3,0,1,24.0,8.05,0,0,0,0,1
89,90,0,3,0,1,29.0,8.05,0,0,0,0,1
90,91,0,3,0,1,20.0,7.8542,0,0,0,0,1
91,92,0,1,0,1,46.0,61.175,1,1,0,0,1
92,93,0,3,0,1,26.0,20.575,0,3,0,0,1
93,94,0,3,0,1,59.0,7.25,0,0,0,0,1
94,95,0,3,0,1,30.0,8.05,0,0,0,0,1
95,96,0,1,0,1,71.0,34.6542,1,0,1,0,0
96,97,1,1,0,1,23.0,63.3583,1,1,1,0,0
97,98,1,2,0,0,34.0,23.0,0,1,0,0,1
98,99,0,2,0,1,34.0,26.0,0,1,0,0,1
99,100,0,3,0,0,28.0,7.8958,0,0,0,0,1
100,101,0,3,0,1,30.0,7.8958,0,0,0,0,1
101,102,0,1,0,1,21.0,77.2875,1,1,0,0,1
102,103,0,3,0,1,33.0,8.6542,0,0,0,0,1
103,104,0,3,0,1,37.0,7.925,0,2,0,0,1
104,105,0,3,0,1,28.0,7.8958,0,0,0,0,1
105,106,1,3,0,0,21.0,7.65,0,0,0,0,1
106,107,1,3,0,1,30.0,7.775,0,0,0,0,1
107,108,0,3,0,1,38.0,7.8958,0,0,0,0,1
108,109,1,3,0,0,30.0,24.15,0,1,0,1,0
109,110,0,1,0,1,47.0,52.0,1,0,0,0,1
110,111,0,3,0,0,14.5,14.4542,0,1,1,0,0
111,112,0,3,0,1,22.0,8.05,0,0,0,0,1
112,113,0,3,0,0,20.0,9.825,0,1,0,0,1
113,114,0,3,0,0,17.0,14.4583,0,0,1,0,0
114,115,0,3,0,1,21.0,7.925,0,0,0,0,1
115,116,0,3,0,1,70.5,7.75,0,0,0,1,0
116,117,0,2,0,1,29.0,21.0,0,1,0,0,1
117,118,0,1,0,1,24.0,247.5208,1,1,1,0,0
118,119,0,3,0,0,2.0,31.275,0,6,0,0,1
119,120,0,2,0,1,21.0,73.5,0,2,0,0,1
120,121,0,3,0,1,30.0,8.05,0,0,0,0,1
121,122,0,2,0,1,32.5,30.0708,0,1,1,0,0
122,123,1,2,0,0,32.5,13.0,1,0,0,0,1
123,124,0,1,0,1,54.0,77.2875,1,1,0,0,1
124,125,1,3,1,1,12.0,11.2417,0,1,1,0,0
125,126,0,3,0,1,30.0,7.75,0,0,0,1,0
126,127,1,3,0,1,24.0,7.1417,0,0,0,0,1
127,128,1,3,0,0,30.0,22.3583,1,2,1,0,0
128,129,0,3,0,1,45.0,6.975,0,0,0,0,1
129,130,0,3,0,1,33.0,7.8958,0,0,1,0,0
130,131,0,3,0,1,20.0,7.05,0,0,0,0,1
131,132,0,3,0,0,47.0,14.5,0,1,0,0,1
132,133,1,2,0,0,29.0,26.0,0,1,0,0,1
133,134,0,2,0,1,25.0,13.0,0,0,0,0,1
134,135,0,2,0,1,23.0,15.0458,0,0,1,0,0
135,136,1,1,0,0,19.0,26.2833,1,2,0,0,1
136,137,0,1,0,1,37.0,53.1,1,1,0,0,1
137,138,0,3,0,1,16.0,9.2167,0,0,0,0,1
138,139,0,1,0,1,24.0,79.2,1,0,1,0,0
139,140,0,3,0,0,30.0,15.2458,0,2,1,0,0
140,141,1,3,0,0,22.0,7.75,0,0,0,0,1
141,142,1,3,0,0,24.0,15.85,0,1,0,0,1
142,143,0,3,0,1,19.0,6.75,0,0,0,1,0
143,144,0,2,0,1,18.0,11.5,0,0,0,0,1
144,145,0,2,0,1,19.0,36.75,0,2,0,0,1
145,146,1,3,0,1,27.0,7.7958,0,0,0,0,1
146,147,0,3,0,0,9.0,34.375,0,4,0,0,1
147,148,0,2,0,1,36.5,26.0,1,2,0,0,1
148,149,0,2,1,1,42.0,13.0,0,0,0,0,1
149,150,0,2,1,1,51.0,12.525,0,0,0,0,1
150,151,1,1,0,0,22.0,66.6,1,1,0,0,1
151,152,0,3,0,1,55.5,8.05,0,0,0,0,1
152,153,0,3,0,1,40.5,14.5,0,2,0,0,1
153,154,0,3,0,1,30.0,7.3125,0,0,0,0,1
154,155,0,1,0,1,51.0,61.3792,0,1,1,0,0
155,156,1,3,0,0,16.0,7.7333,0,0,0,1,0
156,157,0,3,0,1,30.0,8.05,0,0,0,0,1
157,158,0,3,0,1,30.0,8.6625,0,0,0,0,1
158,159,0,3,1,1,30.0,69.55,0,10,0,0,1
159,160,0,3,0,1,44.0,16.1,0,1,0,0,1
160,161,1,2,0,0,40.0,15.75,0,0,0,0,1
161,162,0,3,0,1,26.0,7.775,0,0,0,0,1
162,163,0,3,0,1,17.0,8.6625,0,0,0,0,1
163,164,0,3,1,1,1.0,39.6875,0,5,0,0,1
164,165,1,3,1,1,9.0,20.525,0,2,0,0,1
165,166,1,1,0,0,30.0,55.0,1,1,0,0,1
166,167,0,3,0,0,45.0,27.9,0,5,0,0,1
167,168,0,1,0,1,30.0,25.925,0,0,0,0,1
168,169,0,3,0,1,28.0,56.4958,0,0,0,0,1
169,170,0,1,0,1,61.0,33.5,1,0,0,0,1
170,171,0,3,1,1,4.0,29.125,0,5,0,1,0
171,172,1,3,0,0,1.0,11.1333,0,2,0,0,1
172,173,0,3,0,1,21.0,7.925,0,0,0,0,1
173,174,0,1,0,1,56.0,30.6958,1,0,1,0,0
174,175,0,3,0,1,18.0,7.8542,0,2,0,0,1
175,176,0,3,1,1,30.0,25.4667,0,4,0,0,1
176,177,0,1,0,0,50.0,28.7125,1,0,1,0,0
177,178,0,2,0,1,30.0,13.0,0,0,0,0,1
178,179,0,3,0,1,36.0,0.0,0,0,0,0,1
179,180,0,3,0,0,30.0,69.55,0,10,0,0,1
180,181,0,2,0,1,30.0,15.05,0,0,1,0,0
181,182,0,3,1,1,9.0,31.3875,0,6,0,0,1
182,183,1,2,1,1,1.0,39.0,1,3,0,0,1
183,184,1,3,0,0,4.0,22.025,0,2,0,0,1
184,185,0,1,0,1,30.0,50.0,1,0,0,0,1
185,186,1,3,0,0,30.0,15.5,0,1,0,1,0
186,187,1,1,0,1,45.0,26.55,0,0,0,0,1
187,188,0,3,0,1,40.0,15.5,0,2,0,1,0
188,189,0,3,0,1,36.0,7.8958,0,0,0,0,1
189,190,1,2,0,0,32.0,13.0,0,0,0,0,1
190,191,0,2,0,1,19.0,13.0,0,0,0,0,1
191,192,1,3,0,0,19.0,7.8542,0,1,0,0,1
192,193,1,2,1,1,3.0,26.0,1,2,0,0,1
193,194,1,1,0,0,44.0,27.7208,1,0,1,0,0
194,195,1,1,0,0,58.0,146.5208,1,0,1,0,0
195,196,0,3,0,1,30.0,7.75,0,0,0,1,0
196,197,0,3,0,1,42.0,8.4042,0,1,0,0,1
197,198,1,3,0,0,30.0,7.75,0,0,0,1,0
198,199,0,2,0,0,24.0,13.0,0,0,0,0,1
199,200,0,3,0,1,28.0,9.5,0,0,0,0,1
200,201,0,3,0,1,30.0,69.55,0,10,0,0,1
201,202,0,3,0,1,34.0,6.4958,0,0,0,0,1
202,203,0,3,0,1,45.5,7.225,0,0,1,0,0
203,204,1,3,0,1,18.0,8.05,0,0,0,0,1
204,205,0,3,0,0,2.0,10.4625,1,1,0,0,1
205,206,0,3,0,1,32.0,15.85,0,1,0,0,1
206,207,1,3,0,1,26.0,18.7875,0,0,1,0,0
207,208,1,3,0,0,16.0,7.75,0,0,0,1,0
208,209,1,1,0,1,40.0,31.0,1,0,1,0,0
209,210,0,3,0,1,24.0,7.05,0,0,0,0,1
210,211,1,2,0,0,35.0,21.0,0,0,0,0,1
211,212,0,3,0,1,22.0,7.25,0,0,0,0,1
212,213,0,2,0,1,30.0,13.0,0,0,0,0,1
213,214,0,3,0,1,30.0,7.75,0,1,0,1,0
214,215,1,1,0,0,31.0,113.275,1,1,1,0,0
215,216,1,3,0,0,27.0,7.925,0,0,0,0,1
216,217,0,2,0,1,42.0,27.0,0,1,0,0,1
217,218,1,1,0,0,32.0,76.2917,1,0,1,0,0
218,219,0,2,0,1,30.0,10.5,0,0,0,0,1
219,220,1,3,0,1,16.0,8.05,0,0,0,0,1
220,221,0,2,0,1,27.0,13.0,0,0,0,0,1
221,222,0,3,0,1,51.0,8.05,0,0,0,0,1
222,223,0,3,0,1,30.0,7.8958,0,0,0,0,1
223,224,1,1,0,1,38.0,90.0,1,1,0,0,1
224,225,0,3,0,1,22.0,9.35,0,0,0,0,1
225,226,1,2,0,1,19.0,10.5,0,0,0,0,1
226,227,0,3,0,1,20.5,7.25,0,0,0,0,1
227,228,0,2,0,1,18.0,13.0,0,0,0,0,1
228,229,0,3,0,0,30.0,25.4667,0,4,0,0,1
229,230,1,1,0,0,35.0,83.475,1,1,0,0,1
230,231,0,3,0,1,29.0,7.775,0,0,0,0,1
231,232,0,2,0,1,59.0,13.5,0,0,0,0,1
232,233,1,3,0,0,5.0,31.3875,0,6,0,0,1
233,234,0,2,0,1,24.0,10.5,0,0,0,0,1
234,235,0,3,0,0,30.0,7.55,0,0,0,0,1
235,236,0,2,0,1,44.0,26.0,0,1,0,0,1
236,237,1,2,0,0,8.0,26.25,0,2,0,0,1
237,238,0,2,0,1,19.0,10.5,0,0,0,0,1
238,239,0,2,0,1,33.0,12.275,0,0,0,0,1
239,240,0,3,0,0,30.0,14.4542,0,1,1,0,0
240,241,1,3,0,0,30.0,15.5,0,1,0,1,0
241,242,0,2,0,1,29.0,10.5,0,0,0,0,1
242,243,0,3,0,1,22.0,7.125,0,0,0,0,1
243,244,0,3,0,1,30.0,7.225,0,0,1,0,0
244,245,0,1,1,1,44.0,90.0,1,2,0,1,0
245,246,0,3,0,0,25.0,7.775,0,0,0,0,1
246,247,1,2,0,0,24.0,14.5,0,2,0,0,1
247,248,1,1,0,1,37.0,52.5542,1,2,0,0,1
248,249,0,2,1,1,54.0,26.0,0,1,0,0,1
249,250,0,3,0,1,30.0,7.25,0,0,0,0,1
250,251,0,3,0,0,29.0,10.4625,1,2,0,0,1
251,252,0,1,0,1,62.0,26.55,1,0,0,0,1
252,253,0,3,0,1,30.0,16.1,0,1,0,0,1
253,254,0,3,0,0,41.0,20.2125,0,2,0,0,1
254,255,1,3,0,0,29.0,15.2458,0,2,1,0,0
255,256,1,1,0,0,30.0,79.2,0,0,1,0,0
256,257,1,1,0,0,30.0,86.5,1,0,0,0,1
257,258,1,1,0,0,35.0,512.3292,0,0,1,0,0
258,259,1,2,0,0,50.0,26.0,0,1,0,0,1
259,260,0,3,0,1,30.0,7.75,0,0,0,1,0
260,261,1,3,1,1,3.0,31.3875,0,6,0,0,1
261,262,0,1,0,1,52.0,79.65,1,2,0,0,1
262,263,0,1,0,1,40.0,0.0,1,0,0,0,1
263,264,0,3,0,0,30.0,7.75,0,0,0,1,0
264,265,0,2,0,1,36.0,10.5,0,0,0,0,1
265,266,0,3,0,1,16.0,39.6875,0,5,0,0,1
266,267,1,3,0,1,25.0,7.775,0,1,0,0,1
267,268,1,1,0,0,58.0,153.4625,1,1,0,0,1
268,269,1,1,0,0,35.0,135.6333,1,0,0,0,1
269,270,0,1,0,1,30.0,31.0,0,0,0,0,1
270,271,1,3,0,1,25.0,0.0,0,0,0,0,1
271,272,1,2,0,0,41.0,19.5,0,1,0,0,1
272,273,0,1,0,1,37.0,29.7,1,1,1,0,0
273,274,1,3,0,0,30.0,7.75,0,0,0,1,0
274,275,1,1,0,0,63.0,77.9583,1,1,0,0,1
275,276,0,3,0,0,45.0,7.75,0,0,0,0,1
276,277,0,2,0,1,30.0,0.0,0,0,0,0,1
277,278,0,3,1,1,7.0,29.125,0,5,0,1,0
278,279,1,3,0,0,35.0,20.25,0,2,0,0,1
279,280,0,3,0,1,65.0,7.75,0,0,0,1,0
280,281,0,3,0,1,28.0,7.8542,0,0,0,0,1
281,282,0,3,0,1,16.0,9.5,0,0,0,0,1
282,283,1,3,0,1,19.0,8.05,0,0,0,0,1
283,284,0,1,0,1,30.0,26.0,1,0,0,0,1
284,285,0,3,0,1,33.0,8.6625,0,0,1,0,0
285,286,1,3,0,1,30.0,9.5,0,0,0,0,1
286,287,0,3,0,1,22.0,7.8958,0,0,0,0,1
287,288,1,2,0,1,42.0,13.0,0,0,0,0,1
288,289,1,3,0,0,22.0,7.75,0,0,0,1,0
289,290,1,1,0,0,26.0,78.85,0,0,0,0,1
290,291,1,1,0,0,19.0,91.0792,1,1,1,0,0
291,292,0,2,0,1,36.0,12.875,1,0,1,0,0
292,293,0,3,0,0,24.0,8.85,0,0,0,0,1
293,294,0,3,0,1,24.0,7.8958,0,0,0,0,1
294,295,0,1,0,1,30.0,27.7208,0,0,1,0,0
295,296,0,3,0,1,23.5,7.2292,0,0,1,0,0
296,297,0,1,0,0,2.0,151.55,1,3,0,0,1
297,298,1,1,0,1,30.0,30.5,1,0,0,0,1
298,299,1,1,0,0,50.0,247.5208,1,1,1,0,0
299,300,1,3,0,0,30.0,7.75,0,0,0,1,0
300,301,1,3,0,1,30.0,23.25,0,2,0,1,0
301,302,0,3,0,1,19.0,0.0,0,0,0,0,1
302,303,1,2,0,0,30.0,12.35,1,0,0,1,0
303,304,0,3,0,1,30.0,8.05,0,0,0,0,1
304,305,1,1,1,1,0.92,151.55,1,3,0,0,1
305,306,1,1,0,0,30.0,110.8833,0,0,1,0,0
306,307,1,1,0,0,17.0,108.9,1,1,1,0,0
307,308,0,2,0,1,30.0,24.0,0,1,1,0,0
308,309,1,1,0,0,30.0,56.9292,1,0,1,0,0
309,310,1,1,0,0,24.0,83.1583,1,0,1,0,0
310,311,1,1,0,0,18.0,262.375,1,4,1,0,0
311,312,0,2,0,0,26.0,26.0,0,2,0,0,1
312,313,0,3,0,1,28.0,7.8958,0,0,0,0,1
313,314,0,2,0,1,43.0,26.25,0,2,0,0,1
314,315,1,3,0,0,26.0,7.8542,0,0,0,0,1
315,316,1,2,0,0,24.0,26.0,0,1,0,0,1
316,317,0,2,1,1,54.0,14.0,0,0,0,0,1
317,318,1,1,0,0,31.0,164.8667,1,2,0,0,1
318,319,1,1,0,0,40.0,134.5,1,2,1,0,0
319,320,0,3,0,1,22.0,7.25,0,0,0,0,1
320,321,0,3,0,1,27.0,7.8958,0,0,0,0,1
321,322,1,2,0,0,30.0,12.35,0,0,0,1,0
322,323,1,2,0,0,22.0,29.0,0,2,0,0,1
323,324,0,3,0,1,30.0,69.55,0,10,0,0,1
324,325,1,1,0,0,36.0,135.6333,1,0,1,0,0
325,326,0,3,0,1,61.0,6.2375,0,0,0,0,1
326,327,1,2,0,0,36.0,13.0,1,0,0,0,1
327,328,1,3,0,0,31.0,20.525,0,2,0,0,1
328,329,1,1,0,0,16.0,57.9792,1,1,1,0,0
329,330,1,3,0,0,30.0,23.25,0,2,0,1,0
330,331,0,1,0,1,45.5,28.5,1,0,0,0,1
331,332,0,1,0,1,38.0,153.4625,1,1,0,0,1
332,333,0,3,0,1,16.0,18.0,0,2,0,0,1
333,334,1,1,0,0,30.0,133.65,0,1,0,0,1
334,335,0,3,0,1,30.0,7.8958,0,0,0,0,1
335,336,0,1,0,1,29.0,66.6,1,1,0,0,1
336,337,1,1,0,0,41.0,134.5,1,0,1,0,0
337,338,1,3,0,1,45.0,8.05,0,0,0,0,1
338,339,0,1,0,1,45.0,35.5,1,0,0,0,1
339,340,1,2,1,1,2.0,26.0,1,2,0,0,1
340,341,1,1,0,0,24.0,263.0,1,5,0,0,1
341,342,0,2,0,1,28.0,13.0,0,0,0,0,1
342,343,0,2,0,1,25.0,13.0,0,0,0,0,1
343,344,0,2,0,1,36.0,13.0,0,0,0,0,1
344,345,1,2,0,0,24.0,13.0,1,0,0,0,1
345,346,1,2,0,0,40.0,13.0,0,0,0,0,1
346,347,1,3,0,0,30.0,16.1,0,1,0,0,1
347,348,1,3,1,1,3.0,15.9,0,2,0,0,1
348,349,0,3,0,1,42.0,8.6625,0,0,0,0,1
349,350,0,3,0,1,23.0,9.225,0,0,0,0,1
350,351,0,1,0,1,30.0,35.0,1,0,0,0,1
351,352,0,3,0,1,15.0,7.2292,0,2,1,0,0
352,353,0,3,0,1,25.0,17.8,0,1,0,0,1
353,354,0,3,0,1,30.0,7.225,0,0,1,0,0
354,355,0,3,0,1,28.0,9.5,0,0,0,0,1
355,356,1,1,0,0,22.0,55.0,1,1,0,0,1
356,357,0,2,0,0,38.0,13.0,0,0,0,0,1
357,358,1,3,0,0,30.0,7.8792,0,0,0,1,0
358,359,1,3,0,0,30.0,7.8792,0,0,0,1,0
359,360,0,3,0,1,40.0,27.9,0,5,0,0,1
360,361,0,2,0,1,29.0,27.7208,0,1,1,0,0
361,362,0,3,0,0,45.0,14.4542,0,1,1,0,0
362,363,0,3,0,1,35.0,7.05,0,0,0,0,1
363,364,0,3,0,1,30.0,15.5,0,1,0,1,0
364,365,0,3,0,1,30.0,7.25,0,0,0,0,1
365,366,1,1,0,0,60.0,75.25,1,1,1,0,0
366,367,1,3,0,0,30.0,7.2292,0,0,1,0,0
367,368,1,3,0,0,30.0,7.75,0,0,0,1,0
368,369,1,1,1,0,24.0,69.3,1,0,1,0,0
369,370,1,1,0,1,25.0,55.4417,1,1,1,0,0
370,371,0,3,0,1,18.0,6.4958,0,1,0,0,1
371,372,0,3,0,1,19.0,8.05,0,0,0,0,1
372,373,0,1,0,1,22.0,135.6333,0,0,1,0,0
373,374,0,3,0,0,3.0,21.075,0,4,0,0,1
374,375,1,1,0,0,30.0,82.1708,0,1,1,0,0
375,376,1,3,0,0,22.0,7.25,0,0,0,0,1
376,377,0,1,0,1,27.0,211.5,1,2,1,0,0
377,378,0,3,0,1,20.0,4.0125,0,0,1,0,0
378,379,0,3,0,1,19.0,7.775,0,0,0,0,1
379,380,1,1,0,0,42.0,227.525,0,0,1,0,0
380,381,1,3,0,0,1.0,15.7417,0,2,1,0,0
381,382,0,3,0,1,32.0,7.925,0,0,0,0,1
382,383,1,1,0,0,35.0,52.0,0,1,0,0,1
383,384,0,3,0,1,30.0,7.8958,0,0,0,0,1
384,385,0,2,0,1,18.0,73.5,0,0,0,0,1
385,386,0,3,1,1,1.0,46.9,0,7,0,0,1
386,387,1,2,0,0,36.0,13.0,0,0,0,0,1
387,388,0,3,0,1,30.0,7.7292,0,0,0,1,0
388,389,1,2,0,0,17.0,12.0,0,0,1,0,0
389,390,1,1,0,1,36.0,120.0,1,3,0,0,1
390,391,1,3,0,1,21.0,7.7958,0,0,0,0,1
391,392,0,3,0,1,28.0,7.925,0,2,0,0,1
392,393,1,1,0,0,23.0,113.275,1,1,1,0,0
393,394,1,3,0,0,24.0,16.7,1,2,0,0,1
394,395,0,3,0,1,22.0,7.7958,0,0,0,0,1
395,396,0,3,0,0,31.0,7.8542,0,0,0,0,1
396,397,0,2,0,1,46.0,26.0,0,0,0,0,1
397,398,0,2,1,1,23.0,10.5,0,0,0,0,1
398,399,1,2,0,0,28.0,12.65,0,0,0,0,1
399,400,1,3,0,1,39.0,7.925,0,0,0,0,1
400,401,0,3,0,1,26.0,8.05,0,0,0,0,1
401,402,0,3,0,0,21.0,9.825,0,1,0,0,1
402,403,0,3,0,1,28.0,15.85,0,1,0,0,1
403,404,0,3,0,0,20.0,8.6625,0,0,0,0,1
404,405,0,2,0,1,34.0,21.0,0,1,0,0,1
405,406,0,3,0,1,51.0,7.75,0,0,0,0,1
406,407,1,2,1,1,3.0,18.75,0,2,0,0,1
407,408,0,3,0,1,21.0,7.775,0,0,0,0,1
408,409,0,3,0,0,30.0,25.4667,0,4,0,0,1
409,410,0,3,0,1,30.0,7.8958,0,0,0,0,1
410,411,0,3,0,1,30.0,6.8583,0,0,0,1,0
411,412,1,1,0,0,33.0,90.0,1,1,0,1,0
412,413,0,2,0,1,30.0,0.0,0,0,0,0,1
413,414,1,3,0,1,44.0,7.925,0,0,0,0,1
414,415,0,3,0,0,30.0,8.05,0,0,0,0,1
415,416,1,2,0,0,34.0,32.5,0,2,0,0,1
416,417,1,2,0,0,18.0,13.0,0,2,0,0,1
417,418,0,2,0,1,30.0,13.0,0,0,0,0,1
418,419,0,3,0,0,10.0,24.15,0,2,0,0,1
419,420,0,3,0,1,30.0,7.8958,0,0,1,0,0
420,421,0,3,0,1,21.0,7.7333,0,0,0,1,0
421,422,0,3,0,1,29.0,7.875,0,0,0,0,1
422,423,0,3,0,0,28.0,14.4,0,2,0,0,1
423,424,0,3,0,1,18.0,20.2125,0,2,0,0,1
424,425,0,3,0,1,30.0,7.25,0,0,0,0,1
425,426,1,2,0,0,28.0,26.0,0,1,0,0,1
426,427,1,2,0,0,19.0,26.0,0,0,0,0,1
427,428,0,3,0,1,30.0,7.75,0,0,0,1,0
428,429,1,3,0,1,32.0,8.05,1,0,0,0,1
429,430,1,1,0,1,28.0,26.55,1,0,0,0,1
430,431,1,3,0,0,30.0,16.1,0,1,0,0,1
431,432,1,2,0,0,42.0,26.0,0,1,0,0,1
432,433,0,3,0,1,17.0,7.125,0,0,0,0,1
433,434,0,1,0,1,50.0,55.9,1,1,0,0,1
434,435,1,1,0,0,14.0,120.0,1,3,0,0,1
435,436,0,3,0,0,21.0,34.375,0,4,0,0,1
436,437,1,2,0,0,24.0,18.75,0,5,0,0,1
437,438,0,1,0,1,64.0,263.0,1,5,0,0,1
438,439,0,2,0,1,31.0,10.5,0,0,0,0,1
439,440,1,2,0,0,45.0,26.25,0,2,0,0,1
440,441,0,3,0,1,20.0,9.5,0,0,0,0,1
441,442,0,3,0,1,25.0,7.775,0,1,0,0,1
442,443,1,2,1,0,28.0,13.0,0,0,0,0,1
443,444,1,3,0,1,30.0,8.1125,0,0,0,0,1
444,445,1,1,1,1,4.0,81.8583,1,2,0,0,1
445,446,1,2,0,0,13.0,19.5,0,1,0,0,1
446,447,1,1,0,1,34.0,26.55,0,0,0,0,1
447,448,1,3,0,0,5.0,19.2583,0,3,1,0,0
448,449,1,1,1,1,52.0,30.5,1,0,0,0,1
449,450,0,2,0,1,36.0,27.75,0,3,0,0,1
450,451,0,3,0,1,30.0,19.9667,0,1,0,0,1
451,452,0,1,0,1,30.0,27.75,1,0,1,0,0
452,453,1,1,0,1,49.0,89.1042,1,1,1,0,0
453,454,0,3,0,1,30.0,8.05,0,0,0,0,1
454,455,1,3,0,1,29.0,7.8958,0,0,1,0,0
455,456,0,1,0,1,65.0,26.55,1,0,0,0,1
456,457,1,1,0,0,30.0,51.8625,1,1,0,0,1
457,458,1,2,0,0,50.0,10.5,0,0,0,0,1
458,459,0,3,0,1,30.0,7.75,0,0,0,1,0
459,460,1,1,0,1,48.0,26.55,1,0,0,0,1
460,461,0,3,0,1,34.0,8.05,0,0,0,0,1
461,462,0,1,0,1,47.0,38.5,1,0,0,0,1
462,463,0,2,0,1,48.0,13.0,0,0,0,0,1
463,464,0,3,0,1,30.0,8.05,0,0,0,0,1
464,465,0,3,0,1,38.0,7.05,0,0,0,0,1
465,466,0,2,0,1,30.0,0.0,0,0,0,0,1
466,467,0,1,0,1,56.0,26.55,0,0,0,0,1
467,468,0,3,0,1,30.0,7.725,0,0,0,1,0
468,469,1,3,0,0,0.75,19.2583,0,3,1,0,0
469,470,0,3,0,1,30.0,7.25,0,0,0,0,1
470,471,0,3,0,1,38.0,8.6625,0,0,0,0,1
471,472,1,2,0,0,33.0,27.75,0,3,0,0,1
472,473,1,2,0,0,23.0,13.7917,1,0,1,0,0
473,474,0,3,0,0,22.0,9.8375,0,0,0,0,1
474,475,0,1,0,1,30.0,52.0,1,0,0,0,1
475,476,0,2,0,1,34.0,21.0,0,1,0,0,1
476,477,0,3,0,1,29.0,7.0458,0,1,0,0,1
477,478,0,3,0,1,22.0,7.5208,0,0,0,0,1
478,479,1,3,0,0,2.0,12.2875,0,1,0,0,1
479,480,0,3,1,1,9.0,46.9,0,7,0,0,1
480,481,0,2,0,1,30.0,0.0,0,0,0,0,1
481,482,0,3,0,1,50.0,8.05,0,0,0,0,1
482,483,1,3,0,0,63.0,9.5875,0,0,0,0,1
483,484,1,1,0,1,25.0,91.0792,1,1,1,0,0
484,485,0,3,0,0,30.0,25.4667,0,4,0,0,1
485,486,1,1,0,0,35.0,90.0,1,1,0,0,1
486,487,0,1,0,1,58.0,29.7,1,0,1,0,0
487,488,0,3,0,1,30.0,8.05,0,0,0,0,1
488,489,1,3,1,1,9.0,15.9,0,2,0,0,1
489,490,0,3,0,1,30.0,19.9667,0,1,0,0,1
490,491,0,3,0,1,21.0,7.25,0,0,0,0,1
491,492,0,1,0,1,55.0,30.5,1,0,0,0,1
492,493,0,1,0,1,71.0,49.5042,0,0,1,0,0
493,494,0,3,0,1,21.0,8.05,0,0,0,0,1
494,495,0,3,0,1,30.0,14.4583,0,0,1,0,0
495,496,1,1,0,0,54.0,78.2667,1,1,1,0,0
496,497,0,3,0,1,30.0,15.1,0,0,0,0,1
497,498,0,1,0,0,25.0,151.55,1,3,0,0,1
498,499,0,3,0,1,24.0,7.7958,0,0,0,0,1
499,500,0,3,0,1,17.0,8.6625,0,0,0,0,1
500,501,0,3,0,0,21.0,7.75,0,0,0,1,0
501,502,0,3,0,0,30.0,7.6292,0,0,0,1,0
502,503,0,3,0,0,37.0,9.5875,0,0,0,0,1
503,504,1,1,0,0,16.0,86.5,1,0,0,0,1
504,505,0,1,0,1,18.0,108.9,1,1,1,0,0
505,506,1,2,0,0,33.0,26.0,0,2,0,0,1
506,507,1,1,0,1,30.0,26.55,0,0,0,0,1
507,508,0,3,0,1,28.0,22.525,0,0,0,0,1
508,509,1,3,0,1,26.0,56.4958,0,0,0,0,1
509,510,1,3,0,1,29.0,7.75,0,0,0,1,0
510,511,0,3,0,1,30.0,8.05,0,0,0,0,1
511,512,1,1,0,1,36.0,26.2875,1,0,0,0,1
512,513,1,1,0,0,54.0,59.4,0,1,1,0,0
513,514,0,3,0,1,24.0,7.4958,0,0,0,0,1
514,515,0,1,0,1,47.0,34.0208,1,0,0,0,1
515,516,1,2,0,0,34.0,10.5,1,0,0,0,1
516,517,0,3,0,1,30.0,24.15,0,0,0,1,0
517,518,1,2,0,0,36.0,26.0,0,1,0,0,1
518,519,0,3,0,1,32.0,7.8958,0,0,0,0,1
519,520,1,1,0,0,30.0,93.5,1,0,0,0,1
520,521,0,3,0,1,22.0,7.8958,0,0,0,0,1
521,522,0,3,0,1,30.0,7.225,0,0,1,0,0
522,523,1,1,0,0,44.0,57.9792,1,1,1,0,0
523,524,0,3,0,1,30.0,7.2292,0,0,1,0,0
524,525,0,3,0,1,40.5,7.75,0,0,0,1,0
525,526,1,2,0,0,50.0,10.5,0,0,0,0,1
526,527,0,1,0,1,30.0,221.7792,1,0,0,0,1
527,528,0,3,0,1,39.0,7.925,0,0,0,0,1
528,529,0,2,0,1,23.0,11.5,0,3,0,0,1
529,530,1,2,0,0,2.0,26.0,0,2,0,0,1
530,531,0,3,0,1,30.0,7.2292,0,0,1,0,0
531,532,0,3,0,1,17.0,7.2292,0,2,1,0,0
532,533,1,3,0,0,30.0,22.3583,0,2,1,0,0
533,534,0,3,0,0,30.0,8.6625,0,0,0,0,1
534,535,1,2,0,0,7.0,26.25,0,2,0,0,1
535,536,0,1,1,1,45.0,26.55,1,0,0,0,1
536,537,1,1,0,0,30.0,106.425,0,0,1,0,0
537,538,0,3,0,1,30.0,14.5,0,0,0,0,1
538,539,1,1,0,0,22.0,49.5,1,2,1,0,0
539,540,1,1,0,0,36.0,71.0,1,2,0,0,1
540,541,0,3,0,0,9.0,31.275,0,6,0,0,1
541,542,0,3,0,0,11.0,31.275,0,6,0,0,1
542,543,1,2,0,1,32.0,26.0,0,1,0,0,1
543,544,0,1,0,1,50.0,106.425,1,1,1,0,0
544,545,0,1,0,1,64.0,26.0,0,0,0,0,1
545,546,1,2,0,0,19.0,26.0,0,1,0,0,1
546,547,1,2,0,1,30.0,13.8625,0,0,1,0,0
547,548,0,3,0,1,33.0,20.525,0,2,0,0,1
548,549,1,2,1,1,8.0,36.75,0,2,0,0,1
549,550,1,1,0,1,17.0,110.8833,1,2,1,0,0
550,551,0,2,0,1,27.0,26.0,0,0,0,0,1
551,552,0,3,0,1,30.0,7.8292,0,0,0,1,0
552,553,1,3,0,1,22.0,7.225,0,0,1,0,0
553,554,1,3,0,0,22.0,7.775,0,0,0,0,1
554,555,0,1,0,1,62.0,26.55,0,0,0,0,1
555,556,1,1,1,0,48.0,39.6,1,1,1,0,0
556,557,0,1,0,1,30.0,227.525,0,0,1,0,0
557,558,1,1,0,0,39.0,79.65,1,2,0,0,1
558,559,1,3,0,0,36.0,17.4,0,1,0,0,1
559,560,0,3,0,1,30.0,7.75,0,0,0,1,0
560,561,0,3,0,1,40.0,7.8958,0,0,0,0,1
561,562,0,2,0,1,28.0,13.5,0,0,0,0,1
562,563,0,3,0,1,30.0,8.05,0,0,0,0,1
563,564,0,3,0,0,30.0,8.05,0,0,0,0,1
564,565,0,3,0,1,24.0,24.15,0,2,0,0,1
565,566,0,3,0,1,19.0,7.8958,0,0,0,0,1
566,567,0,3,0,0,29.0,21.075,0,4,0,0,1
567,568,0,3,0,1,30.0,7.2292,0,0,1,0,0
568,569,1,3,0,1,32.0,7.8542,0,0,0,0,1
569,570,1,2,0,1,62.0,10.5,0,0,0,0,1
570,571,1,1,0,0,53.0,51.4792,1,2,0,0,1
571,572,1,1,0,1,36.0,26.3875,1,0,0,0,1
572,573,1,3,0,0,30.0,7.75,0,0,0,1,0
573,574,0,3,0,1,16.0,8.05,0,0,0,0,1
574,575,0,3,0,1,19.0,14.5,0,0,0,0,1
575,576,1,2,0,0,34.0,13.0,0,0,0,0,1
576,577,1,1,0,0,39.0,55.9,1,1,0,0,1
577,578,0,3,0,0,30.0,14.4583,0,1,1,0,0
578,579,1,3,0,1,32.0,7.925,0,0,0,0,1
579,580,1,2,0,0,25.0,30.0,0,2,0,0,1
580,581,1,1,0,0,39.0,110.8833,1,2,1,0,0
581,582,0,2,0,1,54.0,26.0,0,0,0,0,1
582,583,0,1,0,1,36.0,40.125,1,0,1,0,0
583,584,0,3,0,1,30.0,8.7125,0,0,1,0,0
584,585,1,1,0,0,18.0,79.65,1,2,0,0,1
585,586,0,2,0,1,47.0,15.0,0,0,0,0,1
586,587,1,1,0,1,60.0,79.2,1,2,1,0,0
587,588,0,3,0,1,22.0,8.05,0,0,0,0,1
588,589,0,3,0,1,30.0,8.05,0,0,0,0,1
589,590,0,3,0,1,35.0,7.125,0,0,0,0,1
590,591,1,1,0,0,52.0,78.2667,1,1,1,0,0
591,592,0,3,0,1,47.0,7.25,0,0,0,0,1
592,593,0,3,0,0,30.0,7.75,0,2,0,1,0
593,594,0,2,0,1,37.0,26.0,0,1,0,0,1
594,595,0,3,0,1,36.0,24.15,0,2,0,0,1
595,596,1,2,0,0,30.0,33.0,0,0,0,0,1
596,597,0,3,0,1,49.0,0.0,0,0,0,0,1
597,598,0,3,0,1,30.0,7.225,0,0,1,0,0
598,599,1,1,1,1,49.0,56.9292,1,1,1,0,0
599,600,1,2,0,0,24.0,27.0,0,3,0,0,1
600,601,0,3,0,1,30.0,7.8958,0,0,0,0,1
601,602,0,1,0,1,30.0,42.4,0,0,0,0,1
602,603,0,3,0,1,44.0,8.05,0,0,0,0,1
603,604,1,1,0,1,35.0,26.55,0,0,1,0,0
604,605,0,3,0,1,36.0,15.55,0,1,0,0,1
605,606,0,3,0,1,30.0,7.8958,0,0,0,0,1
606,607,1,1,0,1,27.0,30.5,0,0,0,0,1
607,608,1,2,0,0,22.0,41.5792,0,3,1,0,0
608,609,1,1,0,0,40.0,153.4625,1,0,0,0,1
609,610,0,3,0,0,39.0,31.275,0,6,0,0,1
610,611,0,3,0,1,30.0,7.05,0,0,0,0,1
611,612,1,3,0,0,30.0,15.5,0,1,0,1,0
612,613,0,3,0,1,30.0,7.75,0,0,0,1,0
613,614,0,3,0,1,35.0,8.05,0,0,0,0,1
614,615,1,2,0,0,24.0,65.0,0,3,0,0,1
615,616,0,3,0,1,34.0,14.4,0,2,0,0,1
616,617,0,3,0,0,26.0,16.1,0,1,0,0,1
617,618,1,2,0,0,4.0,39.0,1,3,0,0,1
618,619,0,2,0,1,26.0,10.5,0,0,0,0,1
619,620,0,3,0,1,27.0,14.4542,0,1,1,0,0
620,621,1,1,0,1,42.0,52.5542,1,1,0,0,1
621,622,1,3,0,1,20.0,15.7417,0,2,1,0,0
622,623,0,3,0,1,21.0,7.8542,0,0,0,0,1
623,624,0,3,0,1,21.0,16.1,0,0,0,0,1
624,625,0,1,0,1,61.0,32.3208,1,0,0,0,1
625,626,0,2,1,1,57.0,12.35,0,0,0,1,0
626,627,1,1,0,0,21.0,77.9583,1,0,0,0,1
627,628,0,3,0,1,26.0,7.8958,0,0,0,0,1
628,629,0,3,0,1,30.0,7.7333,0,0,0,1,0
629,630,1,1,0,1,80.0,30.0,1,0,0,0,1
630,631,0,3,0,1,51.0,7.0542,0,0,0,0,1
631,632,1,1,1,1,32.0,30.5,1,0,1,0,0
632,633,0,1,0,1,30.0,0.0,0,0,0,0,1
633,634,0,3,0,0,9.0,27.9,0,5,0,0,1
634,635,1,2,0,0,28.0,13.0,0,0,0,0,1
635,636,0,3,0,1,32.0,7.925,0,0,0,0,1
636,637,0,2,0,1,31.0,26.25,0,2,0,0,1
637,638,0,3,0,0,41.0,39.6875,0,5,0,0,1
638,639,0,3,0,1,30.0,16.1,0,1,0,0,1
639,640,0,3,0,1,20.0,7.8542,0,0,0,0,1
640,641,1,1,1,0,24.0,69.3,1,0,1,0,0
641,642,0,3,0,0,2.0,27.9,0,5,0,0,1
642,643,1,3,0,1,30.0,56.4958,0,0,0,0,1
643,644,1,3,0,0,0.75,19.2583,0,3,1,0,0
644,645,1,1,0,1,48.0,76.7292,1,1,1,0,0
645,646,0,3,0,1,19.0,7.8958,0,0,0,0,1
646,647,1,1,1,1,56.0,35.5,1,0,1,0,0
647,648,0,3,0,1,30.0,7.55,0,0,0,0,1
648,649,1,3,0,0,23.0,7.55,0,0,0,0,1
649,650,0,3,0,1,30.0,7.8958,0,0,0,0,1
650,651,1,2,0,0,18.0,23.0,0,1,0,0,1
651,652,0,3,0,1,21.0,8.4333,0,0,0,0,1
652,653,1,3,0,0,30.0,7.8292,0,0,0,1,0
653,654,0,3,0,0,18.0,6.75,0,0,0,1,0
654,655,0,2,0,1,24.0,73.5,0,2,0,0,1
655,656,0,3,0,1,30.0,7.8958,0,0,0,0,1
656,657,0,3,0,0,32.0,15.5,0,2,0,1,0
657,658,0,2,0,1,23.0,13.0,0,0,0,0,1
658,659,0,1,0,1,58.0,113.275,1,2,1,0,0
659,660,1,1,1,1,50.0,133.65,0,2,0,0,1
660,661,0,3,0,1,40.0,7.225,0,0,1,0,0
661,662,0,1,0,1,47.0,25.5875,1,0,0,0,1
662,663,0,3,0,1,36.0,7.4958,0,0,0,0,1
663,664,1,3,0,1,20.0,7.925,0,1,0,0,1
664,665,0,2,0,1,32.0,73.5,0,2,0,0,1
665,666,0,2,0,1,25.0,13.0,0,0,0,0,1
666,667,0,3,0,1,30.0,7.775,0,0,0,0,1
667,668,0,3,0,1,43.0,8.05,0,0,0,0,1
668,669,1,1,0,0,30.0,52.0,1,1,0,0,1
669,670,1,2,0,0,40.0,39.0,0,2,0,0,1
670,671,0,1,0,1,31.0,52.0,1,1,0,0,1
671,672,0,2,0,1,70.0,10.5,0,0,0,0,1
672,673,1,2,0,1,31.0,13.0,0,0,0,0,1
673,674,0,2,0,1,30.0,0.0,0,0,0,0,1
674,675,0,3,0,1,18.0,7.775,0,0,0,0,1
675,676,0,3,0,1,24.5,8.05,0,0,0,0,1
676,677,1,3,0,0,18.0,9.8417,0,0,0,0,1
677,678,0,3,0,0,43.0,46.9,0,7,0,0,1
678,679,1,1,0,1,36.0,512.3292,1,1,1,0,0
679,680,0,3,0,0,30.0,8.1375,0,0,0,1,0
680,681,1,1,0,1,27.0,76.7292,1,0,1,0,0
681,682,0,3,0,1,20.0,9.225,0,0,0,0,1
682,683,0,3,0,1,14.0,46.9,0,7,0,0,1
683,684,0,2,0,1,60.0,39.0,0,2,0,0,1
684,685,0,2,0,1,25.0,41.5792,0,3,1,0,0
685,686,0,3,0,1,14.0,39.6875,0,5,0,0,1
686,687,0,3,0,1,19.0,10.1708,0,0,0,0,1
687,688,0,3,0,1,18.0,7.7958,0,0,0,0,1
688,689,1,1,0,0,15.0,211.3375,1,1,0,0,1
689,690,1,1,0,1,31.0,57.0,1,1,0,0,1
690,691,1,3,0,0,4.0,13.4167,0,1,1,0,0
691,692,1,3,0,1,30.0,56.4958,0,0,0,0,1
692,693,0,3,0,1,25.0,7.225,0,0,1,0,0
693,694,0,1,1,1,60.0,26.55,0,0,0,0,1
694,695,0,2,0,1,52.0,13.5,0,0,0,0,1
695,696,0,3,0,1,44.0,8.05,0,0,0,0,1
696,697,1,3,0,0,30.0,7.7333,0,0,0,1,0
697,698,0,1,0,1,49.0,110.8833,1,2,1,0,0
698,699,0,3,0,1,42.0,7.65,1,0,0,0,1
699,700,1,1,0,0,18.0,227.525,1,1,1,0,0
700,701,1,1,0,1,35.0,26.2875,1,0,0,0,1
701,702,0,3,0,0,18.0,14.4542,0,1,1,0,0
702,703,0,3,0,1,25.0,7.7417,0,0,0,1,0
703,704,0,3,0,1,26.0,7.8542,0,1,0,0,1
704,705,0,2,0,1,39.0,26.0,0,0,0,0,1
705,706,1,2,0,0,45.0,13.5,0,0,0,0,1
706,707,1,1,0,1,42.0,26.2875,1,0,0,0,1
707,708,1,1,0,0,22.0,151.55,0,0,0,0,1
708,709,1,3,1,1,30.0,15.2458,0,2,1,0,0
709,710,1,1,1,0,24.0,49.5042,1,0,1,0,0
710,711,0,1,0,1,30.0,26.55,1,0,0,0,1
711,712,1,1,0,1,48.0,52.0,1,1,0,0,1
712,713,0,3,0,1,29.0,9.4833,0,0,0,0,1
713,714,0,2,0,1,52.0,13.0,0,0,0,0,1
714,715,0,3,0,1,19.0,7.65,1,0,0,0,1
715,716,1,1,0,0,38.0,227.525,1,0,1,0,0
716,717,1,2,0,0,27.0,10.5,1,0,0,0,1
717,718,0,3,0,1,30.0,15.5,0,0,0,1,0
718,719,0,3,0,1,33.0,7.775,0,0,0,0,1
719,720,1,2,0,0,6.0,33.0,0,1,0,0,1
720,721,0,3,0,1,17.0,7.0542,0,1,0,0,1
721,722,0,2,0,1,34.0,13.0,0,0,0,0,1
722,723,0,2,0,1,50.0,13.0,0,0,0,0,1
723,724,1,1,0,1,27.0,53.1,1,1,0,0,1
724,725,0,3,0,1,20.0,8.6625,0,0,0,0,1
725,726,1,2,0,0,30.0,21.0,0,3,0,0,1
726,727,1,3,0,0,30.0,7.7375,0,0,0,1,0
727,728,0,2,0,1,25.0,26.0,0,1,0,0,1
728,729,0,3,0,0,25.0,7.925,0,1,0,0,1
729,730,1,1,0,0,29.0,211.3375,1,0,0,0,1
730,731,0,3,0,1,11.0,18.7875,0,0,1,0,0
731,732,0,2,0,1,30.0,0.0,0,0,0,0,1
732,733,0,2,0,1,23.0,13.0,0,0,0,0,1
733,734,0,2,0,1,23.0,13.0,0,0,0,0,1
734,735,0,3,0,1,28.5,16.1,0,0,0,0,1
735,736,0,3,0,0,48.0,34.375,0,4,0,0,1
736,737,1,1,0,1,35.0,512.3292,1,0,1,0,0
737,738,0,3,0,1,30.0,7.8958,0,0,0,0,1
738,739,0,3,0,1,30.0,7.8958,0,0,0,0,1
739,740,1,1,0,1,30.0,30.0,1,0,0,0,1
740,741,0,1,0,1,36.0,78.85,1,1,0,0,1
741,742,1,1,0,0,21.0,262.375,1,4,1,0,0
742,743,0,3,0,1,24.0,16.1,0,1,0,0,1
743,744,1,3,0,1,31.0,7.925,0,0,0,0,1
744,745,0,1,1,1,70.0,71.0,1,2,0,0,1
745,746,0,3,0,1,16.0,20.25,0,2,0,0,1
746,747,1,2,0,0,30.0,13.0,0,0,0,0,1
747,748,0,1,0,1,19.0,53.1,1,1,0,0,1
748,749,0,3,0,1,31.0,7.75,0,0,0,1,0
749,750,1,2,0,0,4.0,23.0,0,2,0,0,1
750,751,1,3,1,1,6.0,12.475,1,1,0,0,1
751,752,0,3,0,1,33.0,9.5,0,0,0,0,1
752,753,0,3,0,1,23.0,7.8958,0,0,0,0,1
753,754,1,2,0,0,48.0,65.0,0,3,0,0,1
754,755,1,2,1,1,0.67,14.5,0,2,0,0,1
755,756,0,3,0,1,28.0,7.7958,0,0,0,0,1
756,757,0,2,0,1,18.0,11.5,0,0,0,0,1
757,758,0,3,0,1,34.0,8.05,0,0,0,0,1
758,759,1,1,1,0,33.0,86.5,1,0,0,0,1
759,760,0,3,0,1,30.0,14.5,0,0,0,0,1
760,761,0,3,0,1,41.0,7.125,0,0,0,0,1
761,762,1,3,0,1,20.0,7.2292,0,0,1,0,0
762,763,1,1,0,0,36.0,120.0,1,3,0,0,1
763,764,0,3,0,1,16.0,7.775,0,0,0,0,1
764,765,1,1,0,0,51.0,77.9583,1,1,0,0,1
765,766,0,1,1,1,30.0,39.6,0,0,1,0,0
766,767,0,3,0,0,30.5,7.75,0,0,0,1,0
767,768,0,3,0,1,30.0,24.15,0,1,0,1,0
768,769,0,3,0,1,32.0,8.3625,0,0,0,0,1
769,770,0,3,0,1,24.0,9.5,0,0,0,0,1
770,771,0,3,0,1,48.0,7.8542,0,0,0,0,1
771,772,0,2,0,0,57.0,10.5,1,0,0,0,1
772,773,0,3,0,1,30.0,7.225,0,0,1,0,0
773,774,1,2,0,0,54.0,23.0,0,4,0,0,1
774,775,0,3,0,1,18.0,7.75,0,0,0,0,1
775,776,0,3,0,1,30.0,7.75,1,0,0,1,0
776,777,1,3,0,0,5.0,12.475,0,0,0,0,1
777,778,0,3,0,1,30.0,7.7375,0,0,0,1,0
778,779,1,1,0,0,43.0,211.3375,1,1,0,0,1
779,780,1,3,0,0,13.0,7.2292,0,0,1,0,0
780,781,1,1,0,0,17.0,57.0,1,1,0,0,1
781,782,0,1,0,1,29.0,30.0,1,0,0,0,1
782,783,0,3,0,1,30.0,23.45,0,3,0,0,1
783,784,0,3,0,1,25.0,7.05,0,0,0,0,1
784,785,0,3,0,1,25.0,7.25,0,0,0,0,1
785,786,1,3,0,0,18.0,7.4958,0,0,0,0,1
786,787,0,3,1,1,8.0,29.125,0,5,0,1,0
787,788,1,3,1,1,1.0,20.575,0,3,0,0,1
788,789,0,1,0,1,46.0,79.2,1,0,1,0,0
789,790,0,3,0,1,30.0,7.75,0,0,0,1,0
790,791,0,2,0,1,16.0,26.0,0,0,0,0,1
791,792,0,3,0,0,30.0,69.55,0,10,0,0,1
792,793,0,1,0,1,30.0,30.6958,0,0,1,0,0
793,794,0,3,0,1,25.0,7.8958,0,0,0,0,1
794,795,0,2,0,1,39.0,13.0,0,0,0,0,1
795,796,1,1,1,0,49.0,25.9292,1,0,0,0,1
796,797,1,3,0,0,31.0,8.6833,0,0,0,0,1
797,798,0,3,0,1,30.0,7.2292,0,0,1,0,0
798,799,0,3,0,0,30.0,24.15,0,2,0,0,1
799,800,0,2,0,1,34.0,13.0,0,0,0,0,1
800,801,1,2,0,0,31.0,26.25,0,2,0,0,1
801,802,1,1,1,1,11.0,120.0,1,3,0,0,1
802,803,1,3,1,1,0.42,8.5167,0,1,1,0,0
803,804,1,3,0,1,27.0,6.975,0,0,0,0,1
804,805,0,3,0,1,31.0,7.775,0,0,0,0,1
805,806,0,1,0,1,39.0,0.0,1,0,0,0,1
806,807,0,3,0,0,18.0,7.775,0,0,0,0,1
807,808,0,2,0,1,39.0,13.0,0,0,0,0,1
808,809,1,1,0,0,33.0,53.1,1,1,0,0,1
809,810,0,3,0,1,26.0,7.8875,0,0,0,0,1
810,811,0,3,0,1,39.0,24.15,0,0,0,0,1
811,812,0,2,0,1,35.0,10.5,0,0,0,0,1
812,813,0,3,0,0,6.0,31.275,0,6,0,0,1
813,814,0,3,0,1,30.5,8.05,0,0,0,0,1
814,815,0,1,0,1,30.0,0.0,1,0,0,0,1
815,816,0,3,0,0,23.0,7.925,0,0,0,0,1
816,817,0,2,0,1,31.0,37.0042,0,2,1,0,0
817,818,0,3,0,1,43.0,6.45,0,0,0,0,1
818,819,0,3,1,1,10.0,27.9,0,5,0,0,1
819,820,1,1,0,0,52.0,93.5,1,2,0,0,1
820,821,1,3,0,1,27.0,8.6625,0,0,0,0,1
821,822,0,1,1,1,38.0,0.0,0,0,0,0,1
822,823,1,3,0,0,27.0,12.475,1,1,0,0,1
823,824,0,3,1,1,2.0,39.6875,0,5,0,0,1
824,825,0,3,0,1,30.0,6.95,0,0,0,1,0
825,826,0,3,0,1,30.0,56.4958,0,0,0,0,1
826,827,1,2,1,1,1.0,37.0042,0,2,1,0,0
827,828,1,3,0,1,30.0,7.75,0,0,0,1,0
828,830,1,3,0,0,15.0,14.4542,0,1,1,0,0
829,831,1,2,1,1,0.83,18.75,0,2,0,0,1
830,832,0,3,0,1,30.0,7.2292,0,0,1,0,0
831,833,0,3,0,1,23.0,7.8542,0,0,0,0,1
832,834,0,3,0,1,18.0,8.3,0,0,0,0,1
833,835,1,1,0,0,39.0,83.1583,1,2,1,0,0
834,836,0,3,0,1,21.0,8.6625,0,0,0,0,1
835,837,0,3,0,1,30.0,8.05,0,0,0,0,1
836,838,1,3,0,1,32.0,56.4958,0,0,0,0,1
837,839,1,1,0,1,30.0,29.7,1,0,1,0,0
838,840,0,3,0,1,20.0,7.925,0,0,0,0,1
839,841,0,2,0,1,16.0,10.5,0,0,0,0,1
840,842,1,1,0,0,30.0,31.0,0,0,1,0,0
841,843,0,3,0,1,34.5,6.4375,0,0,1,0,0
842,844,0,3,0,1,17.0,8.6625,0,0,0,0,1
843,845,0,3,0,1,42.0,7.55,0,0,0,0,1
844,846,0,3,0,1,30.0,69.55,0,10,0,0,1
845,847,0,3,0,1,35.0,7.8958,0,0,1,0,0
846,848,0,2,1,1,28.0,33.0,0,1,0,0,1
847,849,1,1,0,0,30.0,89.1042,1,1,1,0,0
848,850,0,3,1,1,4.0,31.275,0,6,0,0,1
849,851,0,3,0,1,74.0,7.775,0,0,0,0,1
850,852,0,3,0,0,9.0,15.2458,0,2,1,0,0
851,853,1,1,0,0,16.0,39.4,1,1,0,0,1
852,854,0,2,0,0,44.0,26.0,0,1,0,0,1
853,855,1,3,0,0,18.0,9.35,0,1,0,0,1
854,856,1,1,0,0,45.0,164.8667,0,2,0,0,1
855,857,1,1,0,1,51.0,26.55,1,0,0,0,1
856,858,1,3,0,0,24.0,19.2583,0,3,1,0,0
857,859,0,3,0,1,30.0,7.2292,0,0,1,0,0
858,860,0,3,0,1,41.0,14.1083,0,2,0,0,1
859,861,0,2,0,1,21.0,11.5,0,1,0,0,1
860,862,1,1,0,0,48.0,25.9292,1,0,0,0,1
861,863,0,3,0,0,30.0,69.55,0,10,0,0,1
862,864,0,2,0,1,24.0,13.0,0,0,0,0,1
863,865,1,2,0,0,42.0,13.0,0,0,0,0,1
864,866,1,2,0,0,27.0,13.8583,0,1,1,0,0
865,867,0,1,0,1,31.0,50.4958,1,0,0,0,1
866,868,0,3,0,1,30.0,9.5,0,0,0,0,1
867,869,1,3,1,1,4.0,11.1333,0,2,0,0,1
868,870,0,3,0,1,26.0,7.8958,0,0,0,0,1
869,871,1,1,0,0,47.0,52.5542,1,2,0,0,1
870,872,0,1,0,1,33.0,5.0,1,0,0,0,1
871,873,0,3,0,1,47.0,9.0,0,0,0,0,1
872,874,1,2,0,0,28.0,24.0,0,1,1,0,0
873,875,1,3,0,0,15.0,7.225,0,0,1,0,0
874,876,0,3,0,1,20.0,9.8458,0,0,0,0,1
875,877,0,3,0,1,19.0,7.8958,0,0,0,0,1
876,878,0,3,0,1,30.0,7.8958,0,0,0,0,1
877,879,1,1,0,0,56.0,83.1583,1,1,1,0,0
878,880,1,2,0,0,25.0,26.0,0,1,0,0,1
879,881,0,3,0,1,33.0,7.8958,0,0,0,0,1
880,882,0,3,0,0,22.0,10.5167,0,0,0,0,1
881,883,0,2,0,1,28.0,10.5,0,0,0,0,1
882,884,0,3,0,1,25.0,7.05,0,0,0,0,1
883,885,0,3,0,0,39.0,29.125,0,5,0,1,0
884,886,0,2,1,1,27.0,13.0,0,0,0,0,1
885,887,1,1,0,0,19.0,30.0,1,0,0,0,1
886,888,0,3,0,0,30.0,23.45,0,3,0,0,1
887,889,1,1,0,1,26.0,30.0,1,0,1,0,0
888,890,0,3,0,1,32.0,7.75,0,0,0,1,0
